id,label,description,source,target,trend,reliability,references,reviewers,comments,organisation,mandate
1,Klimatförändingar,"Det globala klimatet och dess vädermönster  förändras mot varmare och mer nederbörd och mer extremväder (effekter på salthalt, vågor, strömmar, temperatur, pH) vilket påverkar marina organismer och havets användare. ",,,positive,high,"1. Sammanfattning i Morf et al. 2024 C2B2 D1.1, kapitel 4 Climate change and its impacts on Swedish Seas 2. IPCC (globalt), 3. BACC (Östersjön)",AM/ML,Finns ett bra kapitel om temat i D1.1 med relevanta referenser.,, 
1-1,Ändringar i artsamman-sättning & kemiska & fysikaliska förhållanden,Ändringar i artsamman-sättning samt kemiska och fysikaliska förhållanden…,1,2,negative,high,"1. https://interactive-atlas.ipcc.ch, https://helcom.fi/baltic-sea-climate-change-fact-sheet-new-publication-shows-latest-scientific-knowledge-on-climate-change-in-the-baltic-sea/",ML,"Salthalt, respiration, pH, mm",,
1-2,Förändringar i temperatur och salthalt,Förändringar i temperatur och salthalt förändrat livsvillkor för pelagisk fisk,1,2.5,negative,medium,1. https://www.naturvardsverket.se/amnesomraden/klimatforandringar/klimatet-i-framtiden/effekter-i-sverige/konsekvenser-for-den-areella-sektorn/,EE,,,
1-3,Ändringar i utbredning av arter ger ändrade föresvävar,Ändringar i utbredning av arter ger ändrade föresvävar,1,,negative,medium,1. https://helcom.fi/baltic-sea-climate-change-fact-sheet-new-publication-shows-latest-scientific-knowledge-on-climate-change-in-the-baltic-sea/,ML?,,,
1-4,Extrema väderhändelser och klimatförändringar kan påverka havsbruk,Extrema väderhändelser och klimatförändringar kan påverka havsbruk,1,,negative,high,1. Sühring et al 2023. Effects of storms on fisheries and aquaculture: An Icelandic case study on climate change adaptation. https://www.tandfonline.com/doi/epdf/10.1080/15230430.2023.2269689?needAccess=true. 2. Brander et al (2017) Climate Change Implications for Fisheries and Aquaculture https://doi.org/10.1002/9781119154051.ch3. 3. FAO Fisheries and Aquaculture Technical Paper. No. 530 Climate change implications for fisheries and aquaculture: Overview of current scientific knowledge. https://www.fao.org/4/i0994e/i0994e00.htm,ML,,,
1-5,Extrema väderhändelser och klimatförändringar kan påverka fisket,Extrema väderhändelser och klimatförändringar kan påverka fisket,1,,negative,high,1. Sühring et al 2023. Effects of storms on fisheries and aquaculture: An Icelandic case study on climate change adaptation. https://www.tandfonline.com/doi/epdf/10.1080/15230430.2023.2269689?needAccess=true. 2. Brander et al (2017) Climate Change Implications for Fisheries and Aquaculture https://doi.org/10.1002/9781119154051.ch3. 3. FAO Fisheries and Aquaculture Technical Paper. No. 530 Climate change implications for fisheries and aquaculture: Overview of current scientific knowledge. https://www.fao.org/4/i0994e/i0994e00.htm,ML,,,
1-6,Förebyggande av klimatförändringen ökar behovet av fossilfri energi,Motverkande/förebyggande av klimatförändringen kräver en minskning av koldioxidutsläpp och ett ökat behov av fossilfri energi (Climate smart societal transformation),1,,positive,medium,Regeringens mål för energipolitiken. https://www.regeringen.se/regeringens-politik/sveriges-elforsorjning/mal-for-energipolitiken/,ML,,,
1-7,"Klimatförändringen (väder & isbildning)  påverkar trafiken (risker, framkomlighet)","Klimatförändring innebär förändringar i nederbörd, vindmönster, stormar, isbildning på fartyg påverkar trafiken. Istäckning minskar framkomlighet och ökar olycksrisk.",1,7,positive,medium,"1. Ceder, V. et al (2024). The impact of wind farms on winter navigation. Report: 2024-10-22, Chalmers University of Technology, Department of Mechanics and Maritime Sciences Division of Marine Technology, Gothenburg. https://research.chalmers.se/en/publication/543462 2. Rapport D1.1 kap 4 (Climate effects), kap 6 (Activities: Shipping)",MP/AM,,,
1-8,Sportfisket kan påverkas negativt av ändrat väder och klimat,Negativ påverkan på sportfiske genom ….?,1,,positive,high,,EE,Tillagt från LL west 12/5,,
2,Marin miljö i dåligt skick,"Den marina miljön är i dåligt skick, från många olika perspektiv, både när det gäller 2.1 biologisk mångfald, 2.2 födoväv och 2.3 resiliens. ",,,,unknown,"Trendöversikt: HELCOM-HOLAS (Östersjön), OSPAR QSR (Västerhavet/Nordsjön), rapportering till EU i samband med havsmiljö- och vattendirektivet. Kap 5. Deliverable 1.1","ML, AM", ,,
2-1,Ekosystemtjänster till marina användare förändras,Många olika typer av ekosystemtjänster till de olika marina användare minskar i kvalitet och tillförlitlighet,,,,high,Se EST analyser,AM,"Pilen är än så länge bara en markering, kan behöva brytas upp. Bör relateras till problem och trender i ekosystemet. Tillägg LLWest 2025-05-12 (JSC, HaV)",,
2.2-1,Minskad biologisk mångfald ökar känsligheten,Minskad biologisk mångfald ökar känsligheten,,,negative,high,"1. Lindegren, Martin, et al. ""Resilience and stability of a pelagic marine ecosystem."" Proceedings of the Royal Society B: Biological Sciences 283.1822 (2016): 20151931.","SM, ML",,,
2.2-2,Minskad mångfald ändrar systemets funktion,Minskad mångfald ändrar systemets funktion,,,negative,medium,"1. Thébault, E., & Loreau, M. (2006). The relationship between biodiversity and ecosystem functioning in food webs. Ecological Research, 21(1), 17-25. 2. Reiss, J., Bridle, J. R., Montoya, J. M., & Woodward, G. (2009). Emerging horizons in biodiversity and ecosystem functioning research. Trends in ecology & evolution, 24(9), 505-514.","SM, ML",,,
2.4,Populationer av topp-predatorer är hög/ökar,Framför allt knubbsäl och skarv har ökat under de senaste decennierna.,,,positive,medium,1. Svensk fågeltaxering. https://www.fageltaxering.lu.se/resultat/populationstrender-enskilda-arter. 2. Knubbsäl: Sveriges vattenmiljö https://www.sverigesvattenmiljo.se/karta#6/58.229/16.458/0/all/all/466/178-1/466,ML,"Kan säkert variera mellan olika områden, perioder och arter. Bland annat ",, 
2.4.1,Knubbsäl, ,,,positive,high,Lundström et al. (2025) Sälars roller i ekosystem och påverkan på fisk.https://pub.epsilon.slu.se/36300/1/lundstrom-k-et-al-20250123.pdf,ML,,,
2.4.2,Pigghaj, ,,,positive,high,Studie om pigghaj?,ML,,,
2.4.3,Skarv, ,,,positive,high,"1. Lundström et al (2023) Storskarvens (Phalacrocorax carbo) ekologi, roll i ekosystemet och effekter på fiskbestånd. Sammanställning av kunskap och kunskapsbehov. 2. Lundström et al (2025). Storskarv i Sverige - predations- och födosöksstudier (2025). https://pub.epsilon.slu.se/36386/1/lundstrom-k-et-al-20250131.pdf",ML,,,
2.4.2-1,Predatorer livnär sig på bentiska fiskpopulationer,Predatorer livnär sig på bentiska fiskpopulationer,2.4.2,2.6,negative,unknown,"1. www.globalbioticinteractions.org 2. Gračan, R. et al.  (2017). Feeding ecology and trophic segregation of two sympatric mesopredatory sharks in the heavily exploited coastal ecosystem of the Adriatic Sea. Journal of fish biology, 90(1), 167-184. 3. Sea, S. E. B. (2001). Age, Growth, Reproduction and Feeding of the Spurdog (Squalus acanthias Linnaeus, 1758) in the. Estuarine, Coastal and Shelf Science, 52, 269-278.",SM,"SM: Sambandet skulle inte vara ett problem om systemet vore i balans; problemet är att fiskbestånden är små (bland annat på grund av överfiske!), vilket ökar konkurrensen mellan fisket och naturliga predatorer",,
2.4.2-2,Predatorer livnär sig på pelagiska fiskpopulationer,Predatorer livnär sig på pelagiska fiskpopulationer,2.4.2,2.5,negative,unknown,"1. www.globalbioticinteractions.org 2. Gračan, R. et al.  (2017). Feeding ecology and trophic segregation of two sympatric mesopredatory sharks in the heavily exploited coastal ecosystem of the Adriatic Sea. Journal of fish biology, 90(1), 167-184. 3. Sea, S. E. B. (2001). Age, Growth, Reproduction and Feeding of the Spurdog (Squalus acanthias Linnaeus, 1758) in the. Estuarine, Coastal and Shelf Science, 52, 269-278.",SM,"SM: Sambandet skulle inte vara ett problem om systemet vore i balans; problemet är att fiskbestånden är små (bland annat på grund av överfiske!), vilket ökar konkurrensen mellan fisket och naturliga predatorer",,
2.5,Pelagiskt fiskbestånd,Fiskbeståndet i vattenpelaren som sill och makrill,,,negative,medium,"ICES rapporter, Morf et al. 2024 C2B2 D1.1, kapitel 6.5",AM,,,
2.5-1,Dåliga fångster & olönsamhet,Dåliga fångster & olönsamhet,2.5,3.2,negative,medium,"1. Atmore, L. M. et al. (2024). The Once and Future Fish: 1300 years of Atlantic herring population structure and demography revealed through ancient DNA and mixed-stock analysis. bioRxiv, 2024-07. 2. Hamilton, L., Otterstad, O., & Ögmundardóttir, H. (2006). Rise and fall of the herring towns: impacts of climate and human teleconnections. In Climate Change and the Economics of the World’s Fisheries. Edward Elgar Publishing.",SM,Beror på fiskarten! Sillbeståndet har minskat kraftigt men inte nödvändigtvis andra pelagiska arter,,
2.5-2,Minskning av central födovävskomponent,Minskning av central födovävskomponent,2.5,,negative,medium,"1. Pauly, D. et al. (1998). Fishing down marine food webs. Science, 279(5352), 860-863.",SM,,,
2.6,Bottenfiskbestånd,Bottenlevande fiskarter som torsk och plattfisk,,,negative,medium,"ICES rapporter, Morf et al. 2024 C2B2 D1.1, kapitel 6.5",AM,,,
2.6-1,Färre eftertraktade sorter av matfisk,Färre eftertraktade sorter av matfisk,2.6,,negative,medium,"1. M. Casini et al. 2005. Trends in cpue and related changes in spatial distribution of demersal fish species in the Kattegat and Skagerrak, eastern North Sea, between 1981 and 2003, ICES Journal of Marine Science, Volume 62, Issue 4, 2005, Pages 671–682, https://doi.org/10.1016/j.icesjms.2004.12.018",SM,Beror på fiskarten! Torskbeståndet t.ex. har minskat kraftigt men inte andra arter som en del plattfiskar,,
2.6-2,Minskning av födovävskomponent,Minskning av födovävskomponent,2.6,,negative,medium,"1. Pauly, D. et al. (1998). Fishing down marine food webs. Science, 279(5352), 860-863.",SM,,,,,,,,,unknown,,,,,
2.1,Art- och miljöskydd samt implementering,Baserat på politiska mål och lagstiftning  och implementering därav har skyddet av arter och miljön under de senaste åren ökat. ,,,positive,high,"1. Politiska mål på internationell nivå: EU lagstiftning (Havsmiljödirektivet, Habitatdirektivet mm.) & globala överenskommelser (Biodiversitetskonventionen, 30by30 mfl). 2. Politiska mål samt Miljöbalken och relaterade förordningar på nationell nivå 3. Genomförande och genomdrivande genom marina skyddsområden och andra åtgärder på land och i vatten hos olika havsanvändare",ML/AM,"Under de senaste åren har på alla nivåer (globalt, havsområden, nationellt och kommunalt) olika typer av mål, regelverk och åtgärder introducerats och håller på att genomföras och genomdrivas. Tillägg LLWest 2025-05-12 (JSC, HaV)",HaV JSC,"Myndighetsmandat inom havsmiljöförvaltning (HaV, LST, kommuner)"
2.1-1,Habitat- och artskydd leder till populationstillväxt,"Aktivt skyddsarbete, tex genom habitat- och artskydd leder till populationstillväxt. Detta innebär tex. en aktiv naturförvaltning genom myndigheter genom marint områdesskydd och åtgärdsarbete",2.1,2.4,positive,medium,1. Nationell förvaltningsplan för knubbsäl (2012). Havs och Vattenmyndigheten. https://www.havochvatten.se/arter-och-livsmiljoer/arter-och-naturtyper/knubbsal.html .                                                                                                                   2. Nationell förvaltningsplan för storskarv (2023). https://www.naturvardsverket.se/om-oss/regeringsuppdrag/slutredovisade-regeringsuppdrag/uppdrag-om-storskarv. 3. Pigghajen är ansedd som hotad men har under senare år förekommit is tora antal och fångstkvoterna har bärför ökats. https://www.fiskbarometern.se/rapport/2024/species/Pigghaj,ML/AM/EE,"Under de senaste åren har på alla nivåer (globalt, havsområden, nationellt och kommunalt) olika typer av mål, regelverk och åtgärder introducerats och håller på att genomföras och genomdrivas. Skydd av sälar och andra topp-predatotrer via jaktförbud mm är positiva för artens fortbestånd men kan i vissa fall påverka fiskbestånd på ett negativt sätt. Målkonflikt? Tillägg LLWest 2025-05-12 (Martin Rosander)",HaV JSC,"Myndighetsmandat inom havsmiljöförvaltning (HaV, LST, kommuner)"
3,Fiske,Fisket är en användarsektor med en mångfald av olika fartygs- och redskapstyper och målarter. För att diskutera problem och lösningar kan analysen behöver detaljeras ytterligare.,,,,unknown, ,AM,Kan behövas fler källor för västerhavet specifikt,,Förhandlingsberedskap behövs
3.1,Storskaligt fiske,"Storskaligt fiske (stora båtar, stora redskap)",,,negative,high,1. https://balticwaters.org/faktabanken/faktablad-8-antalet-yrkesfiskare-minskar/,EE,,,
3.1-1,Fiske på svaga bestånd ,Fiske på svaga bestånd ,3.1,2.5,negative,high,1. https://balticwaters.org/faktabanken/faktablad-8-antalet-yrkesfiskare-minskar/,EE,,,
3.1-2,Vissa fiskeredskap behöver plats för applicering,Vissa fiskeredskap behöver plats för applicering,3.1,11,positive,medium,1. https://www.landsbygdsnatverket.se/vadgorvi/fiskeochvattenbruk/artikelserienvissteduatt/fiskeforkonsumtionochandraandamal.4.3adb9a1e1761a6cef251c4ce.html,EE,,,
3.1-3,Ökat tryck på havsmiljön,Ökat tryck på havsmiljön,3.1,20,positive,high,,EE,,,
3.1-4,Fiske på svaga bestånd,Fiske på svaga bestånd,3.1,2.6,,unknown,,,,,
3.1-5,Fisk till foderproduktion,Fisk till foderproduktion,3.1,,,unknown,,,,,
3.2,Småskaligt fiske,"Småskaligt fiske (mindre båtar, mindre redskap) minskar genom dåliga fångster och olönsamhet",,,negative,high,1. https://balticwaters.org/faktabanken/faktablad-8-antalet-yrkesfiskare-minskar/,EE,,,
3.1,Ekonomiska förhållanden för livsmedelsproduktion förändras,För generell kategori - saknas drivkrafter bakom drivkrafter - behövs en djupare analys,,,,medium,För generell kategori - behövs fler källor som passar olika drivkrafter för olika grenar., ,Behöver fördjupas och specificeras,,
3.1-1,Större fiskeriföretag får högre kvoter,Större fiskeriföretag får högre kvoter,3.1,3.1,positive,high,1. https://balticwaters.org/faq-om-industrifisket-i-ostersjon/,EE,,,
3.1-2,Lönsamheten minskar,Lönsamheten minskar,3.1,3.2,negative,high,1. https://www.naturskyddsforeningen.se/artiklar/darfor-behover-vi-satsa-mer-pa-smaskaligt-fiske/,EE,,,
3.1-3,,,3.1,,,unknown,,,,,
3.2,Behov av  färsk havsmat för humankonsumtion,"Havsmat är eftertraktad och kan skapa bra inkomst. Enligt en analys från 2020 finns en efterfrågan efter miljömässigt hållbar havsmat, men svensk sjömat produceras fn inte på ett långsiktigt hållbart sätt som kan miljömärkas (Sundblad et al. 2020.).",,,positive,unknown,"1. Sundblad, E-L, Hornborg, S., Uusitalo, L. och Svedäng, H. (2020). Svensk konsumtion av sjömat och dess påverkan på haven kring Sverige. Rapport nr 2020:1, Havsmiljöinstitutet.",AM,Ref 1: miljömässigt och långsiktigt ohållbar produktion för närvarande.,,
3.2-1,Incitament för fortsatt fiske,Incitament för fortsatt fiske,,3.1,positive,medium,1. https://www.landsbygdsnatverket.se/vadgorvi/fiskeochvattenbruk/artikelserienvissteduatt/fiskeforkonsumtionochandraandamal.4.3adb9a1e1761a6cef251c4ce.html,EE,,,
3.2-2,Möjlig marknad för utveckling av vattenbruk.,"Möjlig marknad för utveckling av vattenbruk. Om havsbruk kan erbjuda miljömässigt mer hållbara alternativ kan detta vara en möjlighet, för att önskemålet hos konsumenter finns (Sundblad et al. 2020)",,,positive,high,"1. Sundblad, E-L, Hornborg, S., Uusitalo, L. och Svedäng, H. (2020). Svensk konsumtion av sjömat och dess påverkan på haven kring Sverige. Rapport nr 2020:1, Havsmiljöinstitutet.",EE,,,
3.2-3,Fiske för livsmedelsförsörjning,Fiske för livsmedelsförsörjning,,3.2,positive,high,,EE,,,
3.3,Behov av marin biomassa för industriellt bruk, ,,,positive,unknown,fler källor vore bra, ,Vore bra att ta reda på mera,,
3.3-1,Fisk till foderproduktion,Fisk till foderproduktion,3.3,3.1,positive,medium,1. https://www.landsbygdsnatverket.se/vadgorvi/fiskeochvattenbruk/artikelserienvissteduatt/fiskeforkonsumtionochandraandamal.4.3adb9a1e1761a6cef251c4ce.html,EE,,,
4,Vattenbruk,"Vattenbruk, som hittills främst hållit till i skyddade vatten med bra genomströmning (skärgård, fjordar), håller på att testas även i kombination med olika fasta installationer offshore med Norge som pionjärland i Norden. Finns olika typer av odling: fiskodling (inte i Västsverige), musselodling (väletablerad), algodling (testfas) och multitrofiska kombinationsodlingar (testas inte här). Det finns ett antal avsiktsförklaringar för samarbeten, men än så länge ingenting på plats. Mycket beror på om det blir tillstånd för vindkraft.",,,,medium,"Trend: expertpresentationer på olika workshops inom blå ekonomi och samexistens. 1. A new Norwegian bioeconomy based on cultivation and processing of seaweeds, 2014, SINTEF (inkl förutsättningarna för multitrofa odlingar)",AM,"Vi fick använda internetsökningar och nyhetsartiklar när det gäller utvecklingen av offshorevattenbruk i Sverige (finns inte mycket litteratur). Tecken på att allt befinner sig i ett tidigt utvecklingsstadium. Vattenbruk sker så länge främst inomskärs i områden med god genomströmning men som är välskyddade. Men möjligheter till kombinerad vind och fiskodling i poseidonområdet undersöks. Det testas även internationellt om man kan få till odlingar med flera trofiska nivåer, dvs en kombination av alger, skaldjur och fisk för att bäst ta hand om näringsämnen. Internetsökning visar att det finns ett antal innovativa avsiktsförklaringar för samarbeten, men än så länge ingenting på plats.",Norsk,KS - Visa på att vattenbruk och OSW kan ha positiv påverkan på den marina miljön
4.1,"Vattenbruk, algodling","Odling av alger för mat och industriellt bruk finns ännu inte i Sverige. Alger skördas småskaligt i kustzonen i Bohuslän, mest för humankonsumption. I Norge finns det skörd även för industriellt bruk.  En avhandling från 2019 ser möjligheterna.",,,,medium,"Vish, W. 2019. Sustainable Kelp Aquaculture in Sweden. PhD Thesis Gothenburg University. https://gupea.ub.gu.se/bitstream/handle/2077/62099/gupea_2077_62099_3.pdf?sequence=3&isAllowed=y Avsiktförsklaring om kombination vind/tångodling i Halland: https://www.ox2.com/sv/sverige/media/nyheter/ox2-tecknar-avsiktsforklaringar-for-storskalig-odling-av-tang-vid-vindpark-utanfor-hallands-kust/",AM,,,
4.2,"Vattenbruk, skaldjursodling",Skaldjurs(mussel)odling för mat och foder. Skaldjursodlingen är väletablerad på västkusten. Frågan är om den kommer att öka offshore i samband med fasta installationer.,,,,high,Avsiktsförklaring om ett testprojekt offshore med musselodling vid Gotland (Auroraområdet) https://www.ox2.com/sv/sverige/hallbarhet/samarbeten/musselodling-offshore/ (kolla om aktuellt efter regeringsbesluten).,AM,,,
4.3,"Vattenbruk, fiskodling",Fiskodling finns än så länge inte på västkusten i havet (sötvatten). Det finns testprojekt för att kombinera med fasta installationer i samarbete med Norge.,,,,medium,Testprojekt SUBFARM offshore fiskodling på västkusten (samarbete Norge https://subfarm.no/  & vindkraft Freya) https://weareaquaculture.com/news/aquaculture/swedish-norwegian-project-to-enable-offshore-aquaculture-in-floating-wind-farm,AM,,Norsk,"KS - Ge en beskrivning av hur stort ytbehovet är EGENTLIGEN, samt bidra med infrastrukturlösningar"
4-1,Möjlig marknad för utveckling av vattenbruk ,Möjlig marknad för utveckling av vattenbruk ,4.1,3.3,,medium, ,AM,"Svårbedömd, skulle kräva informella kontakter med ekonomiforskare och utvecklare.",,
4.2-1,Lågt trofiskt vattenbruk minskar näringsämnen,Lågt trofiskt vattenbruk minskar näringsämnen,4.2,20,positive,high,"1. Bergström, P.. 2014. Blue Oceans with Blue Mussels - Management and planning of mussel farming in coastal ecosystems. 2. Bergström, P. et al. 2013. Restaurering av övergödda havsvikar med hjälp av miljömusselodling, rapport Hav möter Land projektet 3. Vish, W. 2019. Sustainable Kelp Aquaculture in Sweden. PhD Thesis Gothenburg University. https://gupea.ub.gu.se/bitstream/handle/2077/62099/gupea_2077_62099_3.pdf?sequence=3&isAllowed=y 4. Linus Hasselström, Wouter Visch, Fredrik Gröndahl, Göran M. Nylund, Henrik Pavia. 2018. The impact of seaweed cultivation on ecosystem services - a case study from the west coast of Sweden, Marine Pollution Bulletin, Volume 133, 2018,pp 53-64, https://doi.org/10.1016/j.marpolbul.2018.05.005",AM,"Obs - än så länge bara kustfokus; Genom att odla alger eller musslor kan näringsämnen tas från vattnet. Detta har redan prakticerats på flera håll i Västerhavet och Östersjön. Ett flertal studier finns om musslors positiva påverkan på näringsämnen (förutom direkt under odlingen). Enligt en studie från 2019 är miljöpåverkan av alger är mest positiv för miljön. Negativa miljöeffekter genom fiskodling (hög trofisk nivå) inkluderar ökat näringsutsläpp, parasiter, genetisk utarmning genom rymning.",,
4.3-1,Vattenbruk mestadels nära ytan,Vattenbruk mestadels nära ytan,4.3,11,,medium,Testprojekt SUBFARM offshore fiskodling på västkusten (samarbete Norge https://subfarm.no/  & vindkraft Freya) https://weareaquaculture.com/news/aquaculture/swedish-norwegian-project-to-enable-offshore-aquaculture-in-floating-wind-farm,AM,"Enligt frågor på en online workshop till fiskodling/vindkraftskonsortiet borde det vara möjligt att åka genom med mindre fartyg, dock inte med fiskeredskap. Konkurrens om plats med t.ex. fiske, sjöfart (yrkes och fritids). Visuell påverkan blir mindre relevant offshore än i kustbandet. Det viktiga är att genomfarten förblir möjlig.",,
5,Havsbaserad Energi,Utveckling av havsbaserad energi: ett flertal ansökningar är på gång,,,,medium,Trender: Energimyndigheten Vindbrukskollen https://vbk.lansstyrelsen.se/?appid=d62d1589ccda4b15a4ed2d19d0afdf7b ,AM,Tillägg LLWest 2025-05-12 - Per B (se presentation),Länsstyrelsen Halland; PK (vågkraft),PE - Öka kunskapen och förståelsen för nuvarande tillståndsprocess; Öka och sprida kunskap; samla in och tillgängliggöra data; Aktivt inleda dialog och visa vilja till samverkan Mandat att påverka samverkan vind-våg-sol
5.1,Vindkraft,Utveckling av havsbaserad vindenergi: ett flertal ansökningar är på gång. Vissa har fått tillstånd.,,,,medium,Trender: Energimyndigheten Vindbrukskollen https://vbk.lansstyrelsen.se/?appid=d62d1589ccda4b15a4ed2d19d0afdf7b ,SM, ,,
5.2,Vågkraft,Testprojekt på gång,,,,medium,Referenser?,AM,Tillägg LLWest 2025-05-12 - Per B (se presentation),PK (vågkraft),Mandat att påverka samverkan vind-våg-sol
5.3,Flytande solceller,Testprojekt på gång,,,,medium,Referenser?,AM,Tillägg LLWest 2025-05-12 - Per B (se presentation),PK (vågkraft),Mandat att påverka samverkan vind-våg-sol
5-1,Inkompatibilitet med viss fiskeverksamhet,Inkompatibilitet med viss fiskeverksamhet,,11.1,positive,high,"1. Bergström, L. et al. (2022). Effekter av havsbaserad vindkraft på marint liv: En syntesrapport om kunskapsläget 2021 (7049; p. 112). Naturvårdsverket.",SM,"Vindkraft är för det mesta inkompatibel med fiske, speciellt när det gäller industriella fiskeredskaper som trålar",,
5-2,Konkurrens om plats med t.ex. sjöfart & försvar. Problem med isbrytning.,Konkurrens om plats med t.ex. sjöfart & försvar. Problem med isbrytning.,,11,positive,high,"Deliverable 1.1, kapitel 6.4, underlagsdokument från havsplaneringsprocessen",AM,"Det finns en del rapporter om interaktioner. När det gäller sjöfart och vindkraft är effekterna delvis direkta (undanträngning), delvis indirekta via isbildning och svårigheter för isbrytning eller höjd risk vid storm. Exakt info kan letas fram.",,
5-3,Ökat behov,Ökat behov,,5.6,positive,high,"1. EU policy och övergipande prioriteter för förnybar/fossilfri energi (klimatpolitik) och försörjningssäkerhet av energi (säkerhetspolitik). 2. Havsplaneringsuppdraget 2022 där OSW skulle utökas till 120TW, omarbetad version hos regeringen (januari 2025). Oklart hur de nationella politiska prioriteter spelar ut med den nya regeringen.",AM,,,
5-4,"Påverkan på salthalt, temperatur och strömmar",,,20,,medium,,LST Halland,Tillägg LLWest 2025-05-12 (PE),,
5.4,Risker och skadegörelser med ny teknik& ansvarsfrågan,,,,,unknown,,AM,Tillägg LLWest 2025-05-12 (PB),,
5.1-1,Fundament och ankare/linor,Fundament och ankare/linor,5.1,20.2,positive,high,"1. Bergström, L. et al. (2022). Effekter av havsbaserad vindkraft på marint liv: En syntesrapport om kunskapsläget 2021 (7049; p. 112). Naturvårdsverket.",SM,,,
5.1-2,Ljud från konstruktion/drift/avveckling,Ljud från konstruktion/drift/avveckling,5.1,,positive,high,"1. Baldachini, M. et al. (2024). Modeling the Underwater Sound of Floating Offshore Windfarms in the Central Mediterranean Sea. Journal of Marine Science and Engineering, 12(9), Article 9. https://doi.org/10.3390/jmse12091495",SM,,,
5.1-3,Barriäreffekter,Barriäreffekter,5.1,,positive,high,"1. Galparsoro, I. et al. (2022). Reviewing the ecological impacts of offshore wind farms. Npj Ocean Sustainability, 1(1). https://doi.org/10.1038/s44183-022-00003-5",SM,,,
5.6,Energi- och kommunikations-infrastruktur behöver byggas ut,"Energi- och kommunikations-infrastruktur till havs behvöver byggas ut (kapacitet, redundans, resiliens) för att tillfredställa en säker försörjning med förnybar energi samt kommunikation. Fler och bättre ledningar betyder ökad redundans och försörjningssäkerhet vid kriser.",,,,medium,"1. EU policy och övergipande prioriteter för förnybar/fossilfri energi (klimatpolitik) och försörjningssäkerhet av energi (säkerhetspolitik). 2. Havsplaneringsuppdraget 2022 där OSW skulle utökas till 120TW, omarbetad version hos regeringen (januari 2025). Oklart hur de nationella politiska prioriteter spelar ut med den nya regeringen.",AM,,,
5.6-1,Påverkan av sjökablar och ledningar på fiske och andra aktiviteter,"Sjökablar och pipelines innebär trål- och ankringsförbud (som dock är svåra att genomdriva i EEZ). Miljömässigt störst påverkan uppstår vid konstruktionen (buller, föroreningar, grumling, fysisk störning). Finns misstankar om att fisk påverkas av kablars magnetfält.",5.6,20,,medium,"1. Bastien Taormina, Juan Bald, Andrew Want, Gérard Thouzeau, Morgane Lejart, Nicolas Desroy, Antoine Carlier. 2018. A review of potential impacts of submarine power cables on the marine environment: Knowledge gaps, recommendations and future directions. Renewable and Sustainable Energy Reviews, Volume 96,pp 380-39, https://doi.org/10.1016/j.rser.2018.07.026.",AM,Dela upp pilen?,,
5.1,Behov av fossilfri energiproduktion ökar,Ökande behov av fossilfri energi baserat på klimatpolitik på EU och lägre nivåer,,,positive,high,"1. EU policy och övergipande prioriteter för förnybar/fossilfri energi (klimatpolitik) och försörjningssäkerhet av energi (säkerhetspolitik). 2. Havsplaneringsuppdraget 2022 där OSW skulle utökas till 120TW, omarbetad version hos regeringen (januari 2025). Oklart hur de nationella politiska prioriteter spelar ut med den nya regeringen.",AM,,,
5.1-1,Möjlig marknad för havsbaserad energi,Möjlig marknad för havsbaserad energi,,,,unknown, ,AM,Behövs ekonomiska analyser. Ta fram referenser till studier och evidens från deltagarna,,
6,Försvaret,"Försvarets intressen och behov till havs ökar och får högre prioritet i politiska och tillståndsbeslut. Radioövervakning, skjutfält, övningsfält, marinbaser etc.",,,positive,medium,"Trend: Regeringsbeslut om vindkraft Nov 2024, omarbetning av havsplanerna 2024/25 (hos regeringen för antagande), budgetökningar för försvaret",AM,"Trenden baseras på observation och de senaste månadernas politiska beslut. Tex havsplaneringsprocessen och havsplanerna som ligger hos regeringen, tillstånd till vindkraft, olika utökningar av försvaret.",C2B2 TL,"Få med försvaret i C2B2, förhandlingsberedskap behövs (hinder)"
6-1,Hög prio för försvaret - konkurrens och exklusivitet,Försvarsintressen får hög prioritet i politiska beslut i förhållande till de flesta andra användare. Konkurrens och exklusivitet,6,11,positive,high,"Regeringsbeslut om vindkraft Nov 2024, omarbetning av havsplanerna 2024/25 (hos regeringen för antagande), budgetökningar för försvaret.",AM,Försvaret behöver inte meddela exakt var deras intressen ligger och vilka vindkraftområden är oönskade. Sitter med oavslöjade kort som en förhandlare vid bordet och har i dagens läge starkare säkerhetsargument varför man inte avslöjar information.,,
6.1,Säkerhetssituationen,"Säkerhetssituationen upplevs som allvarlig, antecken för hybridkrig ökar",,,positive,high,Nyhetsmedia om folk & försvarskonferensen,AM,"Tolkning av mediarapportering och senaste politiska  beslut, kan behöva kollas mot opinionsundersökningar (SIFO, mm)",,
6.1-1,Kräver förstärkning av sjötransport och landningskapaciteten för utländska fartyg,Säkerhetssituationen påverkar även sjöfarten (text ska utvecklas).,6.1,7,positive,high, ,MP,Ta fram referenser till studier och evidens från deltagarna,,
6.1-2,Totalförsvaret får större roll i samhället,Försvaret och totalförsvar får större roll i samhället,6.1,6,positive,medium,"Regeringsbeslut om vindkraft Nov 2024, budgetökningar, mediarapportering",AM,"Tolkning av mediarapportering och senaste politiska  beslut, kan behöva kollas mot opinionsundersökningar (SIFO, mm)",,
6.1-3,Skadegörelse mot infrastruktur: Sabotage mot kablar och rörledningar ökar,Skadegörelse mot infrastruktur: Sabotage och störningar mot kablar och rörledningar i havet ökar,6.1,5.6,positive,high,Nyhetsmedia om folk och försvarskonferensen,AM,"Nordstream 2 incidenten, flera incident med kablar som kapas i Östersjön under 2024/25, rapportering om ""skuggflottefartyg""",Norsk,KS - Autonom övervakning genom samarbetspartner i Norge
6.1-4,Förslag till mer vindkraft i Bottenhavet och Västerhavet,Politiska beslut prioriterar ner vindkraft i Södra Östersjön. Havsplanerna föreslår mer vindkraft i Bottenhavet och Västerhavet,6.1,5.1,,high,"Regeringsbeslut om vindkraft Nov 2024, omarbetning av havsplanerna 2024/25 (hos regeringen för antagande), budgetökningar för försvaret",AM,Tolkning av senaste beslut,,
6.1-5,Prioritet av resiliens och redundans i infrastruktur,Politisk och samhällsprioritet att resiliens och redundans i energi och informationsinfrastruktur behövs,6.1,5.6,positive,high,"Regeringsbeslut om vindkraft Nov 2024, omarbetning av havsplanerna 2024/25 (hos regeringen för antagande), budgetökningar för försvaret",AM,"Tolkning av mediarapportering och senaste politiska  beslut, kan behöva kollas mot opinionsundersökningar (SIFO, mm)",,
7,Sjöfart,"Sjöfarten består av en  mängd olika typer av fartyg som transporterar olika typer av gods (flytande, fast, containrar, roro) samt passagerare över både kortare och långa distanser.",,,positive,high,"1. D1.1 kap 6 sjöfarten, samt Tafikverkets analyser för Sverige som refereras där. 2. Wan, S. et al. 2022. Emerging marine pollution from container ship accidents: Risk characteristics, response strategies, and regulation advancements Journal of Cleaner Production. Vol. 376: 2022. https://doi.org/10.1016/j.jclepro.2022.134266 (Via UB.GU.SE)",MP/AM,"Under 40-årsperioden från 1980 till 2020 ökade den totala vikten av last som fraktades av containrar över hela världen nästan 20 gånger. Sedan början av den 21:a århundradet har container-godstrafik vuxit i en mycket snabb takt på grund av den handelsboom som den ekonomiska globaliseringen medför.(Wan et al, 2022)",, 
7-1,Direkt miljöpåverkan i vatten,"Direkt miljöpåverkan (skrubber vatten, länsvatten, ballastvatten, tankrengöring, kylvatten, undervattensbuller, operationellt oljespill och fast avfall)",7,,positive,unknown,"1. Walker, R. et al. (2019). Chapter 27 - Environmental Effects of Marine Transportation, pp. 505-530, in: Charles Sheppard. World Seas: An Environmental Evaluation (Second Edition). Academic Press, ISBN 9780128050521, https://doi.org/10.1016/B978-0-12-805052-1.00030-9 2. Andersson, M. et al  (2023). Management Measures to Reduce Continuous Underwater Noise from Shipping. Report No. 2023:3, Swedish Institute for the Marine Environment. 3. Wan, S. et al. 2022. Emerging marine pollution from container ship accidents: Risk characteristics, response strategies, and regulation advancements Journal of Cleaner Production. Vol. 376: 2022. https://doi.org/10.1016/j.jclepro.2022.134266 (Via UB.GU.SE)",MP,"Andersson et al., 2023 (förhöjda akustiska nivåer i marina miljöer kan utöva skadliga effekter på akvatisk biota, men är lite utforskat)",,
7-2,Direkt miljöpåverkan i vatten,Direkt miljöpåverkan: grått och svart vatten,7,,positive,high,"1. Peng, G. et al. (2022). Gray Water from Ships: A Signiﬁcant Sea-Based Source ofMicroplastics? Environmental Science & Technology 2022 56 (1), 4-7. DOI: 10.1021/acs.est.1c05446 https://pubs.acs.org/doi/epdf/10.1021/acs.est.1c05446?ref=article_openPDF (kontrollerat via UB) 2. Zhang, Y. et al. 2024.  The Environmental Hazards andTreatment of Ship’s Domestic Sewage. Toxics 2024, 12, 826. https://doi.org/10.3390/toxics12110826 (kontrollerat via UB) 3. Havsmiljöinstitutet, 2014. Sjöfarten kring Sverige och dess påverkan på havsmiljön. Havsmiljöinstitutets rapport 2014:4 4. J.T. Mujingni et al. 2024. Sampling strategy, quantification, characterization and hazard potential assessment of greywater from ships in the Baltic Sea. Marine Pollution Bulletin Volume 208: 2024,https://www.sciencedirect.com/science/article/pii/S0025326X24009706 (Hämtade via UB.GU.SE) 5. Ytreberg, E. et al.  2022. Metal and PAH loads from ships and boats, relative other sources, in the Baltic Sea. Mar. Pollut. Bull. 182, 113904. https://doi.org/10.1016/j.marpolbul.2022.113904. (Hämtade via art ovan)",MP,"Hämtat information från rapport 3.1, men referenserna har hittats via Perplexity: -visar att gråvatten från fartyg innehåller höga halter av mikroplaster, metaller (t.ex. koppar och zink), näringsämnen (kväve och fosfor), patogener, läkemedelsrester och andra toxiska ämnen. (Peng et al 2022) -både grått och svart vatten från fartyg innehåller höga halter av ammoniak, organiskt material, mikroplaster, tungmetaller och patogener. Direkt utsläpp av dessa avloppsvatten leder till allvarlig miljöförorening, övergödning, syrebrist och spridning av sjukdomar bland marina organismer. Studien visar också att mikroplaster från fartygsavlopp ackumuleras i näringskedjan och kan störa marina ekosystem (Zhang et al., 2024) - Fartygens utsläpp är koncentrerade till farlederna och i starkt trafikerade delar av Östersjön kan utsläppen av fosfor spela en stor roll för algblomningen på sommaren (Havsmiljöinstitutet, 2014) -Zn, Cu, Mn och As driver riskpotentialen för gråvatten och bidrar med 98 % till Hazard Index (HI).Genomsnittlig MC av kväve är högst i köksgråvatten medan den genomsnittliga MC av fosfor är högst i tvättgråvatten (J.T. Mujingni et al, 2024) -Fartyg orsakar en mängd olika marina föroreningar, där den tredje högsta toxicitetspotentialen bland de fartygsgenererade utsläppen i Östersjön är gråvatten (Ytreberg et al., 2022)",,
7-3,Direkt miljöpåverkan i vatten,Direkt miljöpåverkan: Fartygsolyckor,7,,,high,"1. Wan, S. et al.  2022. Emerging marine pollution from container ship accidents: Risk characteristics, response strategies, and regulation advancements Journal of Cleaner Production. Vol. 376: 2022. https://doi.org/10.1016/j.jclepro.2022.134266 (Via UB.GU.SE)",MP,"- kontaminering från tungmetaller, plastfiber, läckt bränsle och HNS efter olyckor kan äventyra hela marina livsmiljöer och ackumuleras kontinuerligt genom näringskedjan, vilket så småningom utgör ett hot mot människors hälsa. Kunskapen om riskegenskaper och föroreningstransporter är dock fortfarande begränsad.(Wan et al, 2022) - Exponering för tungmetallkontamination, även vid låga koncentrationer, kan vara skadligt för marina organismer pga metallernas toxicitet, persistens och icke-biologisk nedbrytbarhet(Xin et al., 2019 enligt Wan et al, 2022). - Nedsjunkna kläder, plaster och tyger trasnformeras till plastfragment och fibrer via den nötande effekten av havsströmmar och sandpartiklar. (Kurniawan et al., 2021; Wang et al., 2022) En processen som pågår i årtionden tills fullständig nedbrytning uppnås och påverkar marina ekosystem (Beer et al., 2018; Feng et al., 2022a)",,
7-4,Indirekt påverkan via luft,Indirekt påverkan: via luftförorening,7,,positive,high,"1. Walker, R. et al. (2019). Chapter 27 - Environmental Effects of Marine Transportation, pp. 505-530, in: Charles Sheppard. World Seas: An Environmental Evaluation (Second Edition). Academic Press, ISBN 9780128050521, https://doi.org/10.1016/B978-0-12-805052-1.00030-9",MP,,,
7-5,Nya teknologier testas,Vind- och solenergidrivna fartyg som leder till minskade utsläpp från själva framdriften,7,,,unknown,"Deliverable 1.1, kapitel 6",MP/AM,,,
7-6,Påverkan i känsliga områden,I samband med fasta installationer i havet uppstår en risk till undanträngningseffekter och ökad belastning i oönskade områden.,7,,positive,medium,,AM,"Fartygstrafiken ökar, genom fasta installationer i havet uppstår undanträngningseffekter som kan också beröra skyddade/värdefulla områden. Kjell Larsson från Kalmar har gjort studier om sjöfarten runt Gotland. Få eller inga praktiska studier på Västkusten. De senaste nationella Havsplanernas konsekvensanalyser inkluderar dimension.",,
7-7,Konkurrens om utrymme med all annan användning,Konkurrens om utrymme med t.ex. havsbaserad vindkraft eller fiske,7,11,,unknown,,,,,
7.1,Behov av sjötransport av gods och människor , ,,,positive,high,"1. Wan, S. , Yang, X., Chen, X.,  Qu, Z., An C., Zhang, B., Lee, K. Bi, H. 2022. Emerging marine pollution from container ship accidents: Risk characteristics, response strategies, and regulation advancements Journal of Cleaner Production. Vol. 376: 2022. https://doi.org/10.1016/j.jclepro.2022.134266 (Via UB.GU.SE)",MP,"-Under 40-årsperioden från 1980 till 2020 ökade den totala vikten av last som fraktades av containrar över hela världen nästan 20 gånger. Sedan början av den 21:a århundradet har container-godstrafik vuxit i en mycket snabb takt på grund av den handelsboom som 78:78(Wan et al, 2022)",,,Ekonomisk globalisering,
7.2,Stämpelskatt”  gör svensk flagg oattraktivt för fartygsägare.,En större svenskaflaggad fartygsflotta hjälpa Sverige att nå nationella och globala milijö- och utvecklingsmål.,,,positive,unknown,"1. Strokirk, C., Klintenberg, H., Rogerson, S., Bach, A. Raza, Z. 2020. Nyttan med svenskflaggad fartyg och betydelsen av en ökad inflaggning för Sverige. Lighthouse reports.",MP,"Referns hittad via Perplexity. Andra vetenskapliga artiklar, rapporter och ex från Andra EU-läner framhåller skattebefrielser och statliga subventioner för sjötransporter är avgörande för att öka fartygsflottan.(enligt författarna)",,
8,Fritidsbåtar och sportfiske,"Fritidsaktiviteter till havs består främst av båtliv och fiske samt dykning efter vrak och snorkling i grundare områden.  Tillägg 2025-05-12 (AM:s grupp). Missbruk och misskötsel: båtar och sjövett (snabba båtar, inga tillstånd behövs, urvattning av allemansrätten).",,,positive,medium,Hur närvarande är fritidsbåtar/sportfisket i utsjön/fallstudieområdet? Relevanta källor för västerhavet?,AM,Miljöeffekter: fritidsbåtsrapporten HMI,, 
8-1,,"Ökande antal och storlek på båtar - främst sommarhalvåret: konkurrens om yta, hamnar och naturhamnar, men även om resursen.",,11,,high,"Hur många båtar, när och var? Relevant för fallstudieområdet? Var finns det konkurrens i sjön och var är det främst landbaserad infrastruktur (Land-sea interactions)? Kolla med aktörerna.",AM,mera research/info kan behövas,,
8-2,,"Antal och storlek på båtar sommarhalvåret (buller, föroreningar från drivmedel och färger, ankring, svall). Bryggor och hamnar påverkar miljön negativt (skuggning, gifter)",,20,,high,Hur stor är påverkan av fritidssjöfarten i förhållande till yrkessjöfart (transport/fiske) när det gäller utsläpp och buller i just fallstudieområdet? Hur ser det ut i kustbandet (land-sea interactions)? Kolla med aktörerna. 1. Moksnes et al. 2019. Fritidsbåtars påverkan på grunda kustekosystem i Sverige. Havsmiljöinstitutets rapport 2019:3. https://www.havsmiljoinstitutet.se/publikationer/havsmiljoinstitutets-rapportserie/fritidsbatars-paverkan-pa-grunda-kustekosystem-i-sverige,AM,"mera research/info kan behövas. Rapporten täcker bara grunda vikar, inte utsjön.",,
8-3,Undervatten-buller från båtar,,,20.4,,unknown,,,,,
8.1,Efterfrågan på havsnära fritidsaktiviteter, ,,,,medium,Vilka är de relevanta drivkrafterna för efterfrågan i just fallstudieområdet? Kolla med aktörerna.,AM,mera research/info kan behövas,,
8.1-1,,Behov av aktiviteter och relaterad infrastruktur,,,,high,Vilka aktiviteter i fallstudieområdet? Kolla med aktörerna.,AM,mera research/info kan behövas,,
9,Kulturmiljövärden (D eller samhällsbox?),"Kulturmiljövärden - materiella och immateriella (tex. maritimt kulturarv), visuella (landskapet - bevarande av landskapsbild) och fysiska (tex vrak) är ett samhällsintresse med nytta för olika aktiviteter (turism, social hållbarhet). Kulturella ekosystemtjänster får större värde genom planering och lagstiftning. Allt fler vrak upptäcks och skyddas.",,,positive,medium,hitta refs,AM,"Tillägg LLWest 2025-05-12 (JSC, HaV)",,
9-1,Kulturmiljöskydd som del i konkurrensen om havsytan/-botten,"Kulturmiljövärden (landskap) påverkar konkurrensen om utrymmet till havs och vid havsbotten (vrak, lämningar).",9,11,positive,medium,hitta refs,AM,"Tillägg LLWest 2025-05-12 (JSC, HaV)",,
9.1,Riksintresse kulturmiljö,Krav på landskaps och kulturmiljöskydd genom lagstiftning och policyprogramm. Riksintressen behöver beaktas i all planering och tillståndsgivning,,,,medium,"Miljöbalken, Kulturmiljölagen…",AM,"Tillägg LLWest 2025-05-12 (JSC, HaV)",,
9.1-1,D9.1-1 Krav på skydd av kulturlämningar och miljöer ,Krav på landskaps och kulturmiljöskydd genom lagstiftning och policyprogramm. Riksintressen behöver beaktas i all planering och tillståndsgivning.,9.1,9,positive,medium,"Miljöbalken, Kulturmiljölagen…",AM,"Tillägg LLWest 2025-05-12 (JSC, HaV)",,
10,Utvinning av naturresurser på havsbotten,Extraktion från havsbotten sker i dagsläget oftast genom sugning och skrapning.,,,,medium,,EE/AM,Tillägg LLWest 2025-05-12 (sea twirl),,
10-1,Påverkan på havsbottenhabitat,Påverkan på  bentiska habitat genom fysisk störning vid borttagning av material samt grumling samt buller vid själva extraktionstillfället. ,10,20,,medium,hitta refs,EE/AM,Tillägg LLWest 2025-05-12 (sea twirl),,
10-2,Tillfällig konkurrens vid uttag,Konkurrens om havsytan vid uttagstillfället.,,,,unknown,,,,,
10.1,Behov av naturmaterial,Genom den gröna omställningen och klimatförändrinen ökar behovet av material från havsbotten såsom sand (strandfodring) och sällsynta jordartsmetaller. ,,,,medium,hitta refs,EE/AM,Tillägg LLWest 2025-05-12 (sea twirl),,
10.1-1,Materialuttag från havsbotten,Extrahering av material från havsbotten,10.1,10,,medium,hitta refs,EE/AM,Tillägg LLWest 2025-05-12 (sea twirl),,
11,Konkurrens,"Konkurrensen, främst om havets yta (många användare) och resurser (främst fisk och skaldjur mellan yrkes och fritidsfisket och naturvård) ökar genom att a) fler rörliga användare tillkommer och att b) nya användare vill introducera fasta installationer, vilket kan leda till rumslig konflikt och undanträngning av andra, inte minst rörliga aktiviteter. Se interaktionsmatris i D1.1 för en grov överblick. Teknik, beteendemönster och tidsmässiga mönster påverkar graden av kompatibilitet.",,,positive,medium,"1. Rapport D1.1 kapitel 6 2. Sveriges havsplaner, konsekvensbedömning",AM,Se interaktionstabell i D1.1. Genom introduktion av reglering och olika tekniska och andra åtgärder kan konkurrensen minskas eller omvandlas till synergier (detta är dock inte del av denna analys).,HaV JSC,Vägledning om användning av havet (tex havsplanering)
11.1,Fiskefria områden,Undanträngning av fisket,,3.1,positive,medium,1. https://www.wwf.se/hav-och-fiske/ostersjon/unikt-innanhav/#om-ostersjon,EE,,,
11.1-1,Minskat fisketryck (lokalt),Minskat fisketryck (lokalt),11.1,2.6,positive,high,"1. Hammar, L. et al (2016). Offshore Wind Power for Marine Conservation. Open Journal of Marine Science, 06(01), 66–78. https://doi.org/10.4236/ojms.2016.61007",SM,"MPA effekten beror mycket på hur stor vindkraftsparken är, fiskarten och hur mycket som fiskas runt parken",,
11.1-2,Minskat fisketryck (lokalt),Minskat fisketryck (lokalt),11.1,2.5,positive,high,"1. Hammar, L. et al (2016). Offshore Wind Power for Marine Conservation. Open Journal of Marine Science, 06(01), 66–78. https://doi.org/10.4236/ojms.2016.61007",SM,"MPA effekten beror mycket på hur stor vindkraftsparken är, fiskarten och hur mycket som fiskas runt parken",,
11.1-3,Förlust av fiskeområden,Förlust av fiskeområden på grund av konkurrens med andra användningsområden,11.1,,,unknown,,,,,
11-2,Undanträngning av andra användare till icke-OW områden,Undanträngning av andra och mobila användare till andra områden (tex havsbaserad vind),11,20,positive,medium,"Havs & Vattenmyndigheten, Energimyndigheten. 2023. Samexistens mellan havsbaserad vindkraft, yrkesfiske, vattenbruk och naturvård. En kunskapssammanställning om förutsättningar och åtgärder. Rapport 2023:2. https://www.havochvatten.se/data-kartor-och-rapporter/rapporter-och-andra-publikationer/publikationer/2023-03-01-samexistens-mellan-havsbaserad-vindkraft-yrkesfiske-vattenbruk-och-naturvard.html",AM,"Finns studier och modelleringar, inte nödvändigtvis för svenska vatten, då det ännu finns få vindparker i svensk EEZ. ",,
11-3,Förlust av fritt utrymme för sjöfarten,"Förlust av fritt utrymme och ""frihet"" för sjöfarten, undanträngning, längre färdtid, olycksrisken ökar",11,7,positive,medium, , ,"Finns studier och modelleringar, inte nödvändigtvis för svenska vatten, då det ännu finns få vindparker i svensk EEZ.",,
11-4,Förlust av fritt utrymme för fritidsbåtar,"Förlust av ""frihet"" för fritidssjöfarten, förträngningseffekter, längre färdtid, olycksrisken ökar ",11,,,unknown,,,,,
11-5,Konkurens mot landbaserat vattenbruk,Konkurens mot landbaserat vattenbruk,11,,,medium,,EE,Tillägg LLWest 2025-05-12 (sea twirl),,
11-6,Konkurens mot landbaserad vindkraft,Konkurens mot landbaserad vindkraft,11,,,medium,,EE,Tillägg LLWest 2025-05-12 (sea twirl),,
11-7,Kulturmiljövärden påverkas av fasta installationer/andra användare,"Kulturmiljövärden (landskap) påverkas av konkurrensen om utrymmet till havs, inte minst fasta installationer (vind, havsbruk)",11,9,positive,medium,hitta refs,AM,"Tillägg LLWest 2025-05-12 (JSC, HaV)",,
11-8,Konkurrens vid fasta installationer och bottenberoende aktiviteter ,Konkurrens vid fasta installationer och bottenberoende aktiviteter ,11,10,,unknown,,,,,
20,Kumulativ påverkan på havsmiljön,Kumulativ påverkan innebär den summerade påverkan på havet genom alla aktiviteter tillsammans.,,,positive,medium,1. Havsplanernas konsekvensbeskrivning 2. Helcom HOLAS (Östersjön) 3. OSPAR QSR (Västerhavet och Nordsjön),AM/ML,"Det pågår en snabb utveckling av metoder för kumulativ påverkansanalys, ett problem är rumslig upplösning. För att jobba med detta inom C2B2 behöver vi en mer detaljerad avgränsning tematiskt och geografiskt.",HaV JSC,Kunskap om kumulativa effekter
20.1,Fysisk störning,…,,,,unknown,,,,,
20.1-1,Negativ påverkan på t.ex. sjöfåglar,Negativ påverkan på t.ex. sjöfåglar,20.1,,negative,high,"1. Galparsoro, I. et al. (2022). Reviewing the ecological impacts of offshore wind farms. Npj Ocean Sustainability, 1(1). https://doi.org/10.1038/s44183-022-00003-5",SM,Turbinerna minskar habitatet och ökar kollisionsrisken för sjöfåglar,,
20.2,Artificiell substrat,,,,,unknown,,,,,
20.2-1,Förändrad sammansättning av bottenlevande arter,Förändrad sammansättning av bottenlevande arter,20.2,,positive,high,"1. Coolen, J. W. P. et al. (2018). Benthic biodiversity on old platforms, young wind farms, and rocky reefs. ICES Journal of Marine Science, 77(3), 1250–1265. https://doi.org/10.1093/icesjms/fsy092 2. Krone, R. et al. (2013). Mobile demersal megafauna at artificial structures in the German Bight – Likely effects of offshore wind farm development. Estuarine, Coastal and Shelf Science, 125, 1–9. https://doi.org/10.1016/j.ecss.2013.03.012 3. Krone, R. et al.  (2017). Mobile demersal megafauna at common offshore wind turbine foundations in the German Bight (North Sea) two years after deployment—Increased production rate of Cancer pagurus. Marine Environmental Research, 123, 53–61. https://doi.org/10.1016/j.marenvres.2016.11.011",SM,"Artificiell substrat kommer troligtvis ökar den bentiska biomassan i vindkraftparksområdet, men det förblir oklart/omdiskuterad hur biodiversiteten kommer påverkas",,
20.2-2,Förändrad sammansättning av bottenlevande arter,Förändrad sammansättning av bottenlevande arter,20.2,,,medium,"1. Coolen, J. W. P.  et al. (2018). Benthic biodiversity on old platforms, young wind farms, and rocky reefs. ICES Journal of Marine Science, 77(3), 1250–1265. https://doi.org/10.1093/icesjms/fsy092",SM,"Artificiell substrat förändrar den bentiska artsammansättningen, speciellt i områden präglade av mjuk substrat; påverkan på födoväven är dock varken positiv eller negativ",,
20.3,Påverkan av värderfulla habitat,inklusive skyddade områden; genom pågående användning,,,,unknown,,,,,
20.3-1,Länken saknas i Mural,Fler typer av påverkan som kan bli relevanta baserat på geografisk och tematisk fokus i fallområdet,20,,,unknown, ,AM,Detta är ett brett tema som behöver utredas baserat på tematisk och exakt geografisk fokus av LL,,
20.4,Undervattensbuller,,,,positive,unknown,,,,,
20.4-1,Negativ påverkan på ljudkänsliga fiskarter,"Negativ påverkan på ljudkänsliga fiskarter genom t.ex. installationer i havet, motorbuller etc.",2.4,2.5,positive,high,"1. Andersson, M. H.  et al. (2011). Ljud från vindkraftverk i havet och dess påverkan på fisk (6436; p. 39). Naturvårdsverket.  2. Sjöfarten/fritidsbåtar?...",SM/AM,Särskilt under konstruktionsfasen av installainoter och för larvstadier; begränsad kunskap om långsiktiga effekter under driftfasen,,
20.4-2,Negativ påverkan på ljudkänsliga fiskarter,"Negativ påverkan på ljudkänsliga fiskarter genom t.ex. installationer i havet, motorbuller etc.",2.4,2.6,positive,high,"1. Andersson, M. H.  et al. (2011). Ljud från vindkraftverk i havet och dess påverkan på fisk (6436; p. 39). Naturvårdsverket.  2. Sjöfarten/fritidsbåtar?...",SM/AM,"Negativ påverkan på ljudkänsliga fiskarter genom t.ex. installationer i havet, motorbuller etc.",, 
